articleID,feedID,uniqueID,title,contentText,url,externalURL,summary,imageURL,datePublished,read,starred,dateArrived
0ef8a5abf01b9da9e919aeb57706d2aa,https://cointelegraph.com/rss,https://cointelegraph.com/news/why-the-us-is-one-of-the-most-crypto-friendly-countries-in-the-world,Why the US is one of the most crypto-friendly countries in the world,,,https://cointelegraph.com/news/why-the-us-is-one-of-the-most-crypto-friendly-countries-in-the-world,,,2022-10-07 23:52:58.000000000,,,
c6cb26d3c5babf83f9ac7146409c005a,https://rss.app/feeds/_b730IyHUx5nmOO8w.xml,b4e755453f3bf712260109054cee98c1,Latest Week in Ethereum News,,,https://weekinethereumnews.com/week-in-ethereum-news-october-8-2022/,,,2022-10-07 23:18:11.000000000,,,
ac3fb9948ed005d1eb84aeda9dec6969,https://weekinethereumnews.com/feed/,https://weekinethereumnews.com/?p=2014,"Week in Ethereum News  October 8, 2022",,,https://weekinethereumnews.com/week-in-ethereum-news-october-8-2022/,,,2022-10-07 23:18:11.000000000,,,
eb9b3b0d4e2120c93218963211089a8f,http://feeds.feedburner.com/Coindesk,UWKA7FWI5ZCBDKIZ5KGN66D4UU,Crypto Exchange Huobi Global to be Acquired by About Capital,,,,,,2022-10-07 23:16:35.000000000,,,
e6d50d56fb0f4dff509a730cb88effc3,https://feeds.feedblitz.com/marginalrevolution,https://marginalrevolution.com/?p=84460,Effective Altruism and the Repugnant Conclusion,,,https://feeds.feedblitz.com/~/714799842/0/marginalrevolution~Effective-Altruism-and-the-Repugnant-Conclusion.html,,,2022-10-07 22:50:17.000000000,,,
7b196889a196016f63504b079e2eca60,https://cointelegraph.com/rss,https://cointelegraph.com/news/bitcoiner-claims-to-have-found-long-lost-satoshi-bitcoin-code-with-personal-notations,Bitcoiner claims to have found 'long lost Satoshi Bitcoin code' with personal notations,,,https://cointelegraph.com/news/bitcoiner-claims-to-have-found-long-lost-satoshi-bitcoin-code-with-personal-notations,,,2022-10-07 22:40:00.000000000,,,
01f24e35fb1a45ce93a85df6c2bba664,https://cointelegraph.com/rss,https://cointelegraph.com/news/distribution-of-assets-is-not-possible-at-this-time-says-luna-foundation-guard,"Distribution of assets is 'not possible at this time', says Luna Foundation Guard",,,https://cointelegraph.com/news/distribution-of-assets-is-not-possible-at-this-time-says-luna-foundation-guard,,,2022-10-07 22:31:10.000000000,,,
bbce7b200acaf08ce6a84e08bebe0f32,https://cryptobriefing.com/feed/,https://cryptobriefing.com/?p=121934,"FTX, Visa Will Expand Crypto Debit Card Service to 40 Countries",,,https://cryptobriefing.com/ftx-visa-will-expand-crypto-debit-card-service-to-40-countries/?utm_source=feed&utm_medium=rss,,,2022-10-07 22:18:23.000000000,,,
643180e87d062f22fa748f57d4d4cbf3,https://cryptobriefing.com/feed/,https://cryptobriefing.com/?p=121935,When Will Terra Victims Be Compensated?,,,https://cryptobriefing.com/when-will-terra-victims-be-compensated/?utm_source=feed&utm_medium=rss,,,2022-10-07 21:51:08.000000000,,,
3bdf6a83115a50ce72620730c3c44b68,https://blockworks.co/feed/,https://blockworks.co/?p=33985,Blockchain Game Shrapnel Aims for AAA Status in Web3,,,https://blockworks.co/blockchain-game-shrapnel-aims-for-aaa-status-in-web3/,,,2022-10-07 21:49:20.000000000,,,
363d7e175bb7ae4e4f6224144081e467,https://decryptmedia.com/feed/,https://decrypt.co/?p=111495,Jim Cramer Says He Bought a Farm With Bitcoin Profits—And Dares You to Bet Against Him,,,https://decrypt.co/111495/jim-cramer-bought-farm-bitcoin-dares-you-bet-against-him,,,2022-10-07 21:48:06.000000000,,,
93b79cc8d3a279a990c72f83b34e10f2,https://medium.com/feed/vesperfinance,https://medium.com/p/7c91c752225f,This Week: Comparing Vesper’s APYs,,,https://medium.com/vesperfinance/this-week-comparing-vespers-apys-7c91c752225f?source=rss----8ef8ac6c0597---4,,,2022-10-07 21:19:48.000000000,,,
831d777a384d9cd7593c23fd49b8eadc,https://decryptmedia.com/feed/,https://decrypt.co/?p=111488,Ethereum Fork ETHW Is Already Down 86% From Its All-Time High,,,https://decrypt.co/111488/ethereum-fork-ethw-down-86-percent-all-time-high,,,2022-10-07 21:04:45.000000000,,,
248d1dbc603d63c9d5fe2806a54d6428,https://cointelegraph.com/rss,https://cointelegraph.com/news/crypto-biz-nydig-stacks-sats-elon-buys-twitter,"Crypto Biz: NYDIG stacks sats, Elon buys Twitter",,,https://cointelegraph.com/news/crypto-biz-nydig-stacks-sats-elon-buys-twitter,,,2022-10-07 21:00:00.000000000,,,
1e608b49d88fb2354470c602f1fd2b83,https://cointelegraph.com/rss,https://cointelegraph.com/news/bitcoin-price-finally-made-a-move-and-fireworks-are-sure-to-follow,"Bitcoin price finally made a move, and fireworks are sure to follow",,,https://cointelegraph.com/news/bitcoin-price-finally-made-a-move-and-fireworks-are-sure-to-follow,,,2022-10-07 21:00:00.000000000,,,
838ce9a6c652bdf62e02b0bb5b6afe03,https://blockworks.co/feed/,https://blockworks.co/?p=33979,"After BNB Chain Hack, Operators Must Face Question of Decentralization",,,https://blockworks.co/after-bnb-chain-hack-operators-must-face-question-of-decentralization/,,,2022-10-07 20:56:05.000000000,,,
56c0602a63ca1291262040ee3a23af75,http://feeds.feedburner.com/Coindesk,ULHOSE3A4VFLVFPDQTDUWMWXN4,"Market Wrap: Bitcoin, Other Risk Assets Fall Again Following Disappointing Jobs Data",,,,,,2022-10-07 20:39:52.000000000,,,
51441199beb1b523b520d2b4811965b4,https://decryptmedia.com/feed/,https://decrypt.co/?p=111486,Solana Co-Founder Says 'Long-Term Fix' to Network Outages Is in the Works,,,https://decrypt.co/111486/solana-co-founder-long-term-fix-network-outages,,,2022-10-07 20:34:28.000000000,,,
93bc55bf86b5d6f7152ef8ac19ed1af2,http://feeds.feedburner.com/Coindesk,LG7JHQXAZJHSPH2PYIM26WMVKE,What’s Inside the FSOC’s Long-awaited Report on Crypto Regulation,,,,,,2022-10-07 20:30:00.000000000,,,
2a5e751c343bc4115d6cca8fc3a7fadb,https://blockworks.co/feed/,https://blockworks.co/?p=33976,What It Takes to Halt a ‘Decentralized’ Blockchain Like Binance,,,https://blockworks.co/what-it-takes-to-halt-a-decentralized-blockchain-like-binance/,,,2022-10-07 20:29:30.000000000,,,
33ba1759e1279e81df44a7817e8d20c0,http://feeds.feedburner.com/Coindesk,GJQR4JK57JGN5LC55NDPSUXYHE,Dapper Labs Restricts Services to Russia Amid EU Sanctions,,,,,,2022-10-07 20:23:18.000000000,,,
3ceb4070b863af1ecac99517ae2f881d,https://cointelegraph.com/rss,https://cointelegraph.com/news/transit-swap-hacker-returns-lion-s-share-of-23m-in-stolen-funds-finance-redefined,Transit Swap ‘hacker’ returns lion’s share of $23M in stolen funds: Finance Redefined,,,https://cointelegraph.com/news/transit-swap-hacker-returns-lion-s-share-of-23m-in-stolen-funds-finance-redefined,,,2022-10-07 20:15:00.000000000,,,
3867aa9b774ad5244bfe66b140cc0d7c,https://rss.app/feeds/_b730IyHUx5nmOO8w.xml,c3f9e7c2a6c1a35e8feae170241ed4aa,Dune Digest #50,,,https://dunedigest.substack.com/p/dune-digest-50,,,2022-10-07 19:46:52.000000000,,,
adcd921ee36d5bd4cf1ffaa1b7f0cd96,https://dotleap.substack.com/feed,https://newsletter.dotleap.com/p/dotleap-98-acalas-return,DotLeap 98 - Acala's return,,https://newsletter.dotleap.com/p/dotleap-98-acalas-return,https://newsletter.dotleap.com/p/dotleap-98-acalas-return,,,2022-10-07 19:45:46.000000000,,,
73b3a73ae6f496283f1cdfd7ea0524ca,http://feeds.feedburner.com/Coindesk,CWJNZJ7RQFDDXCXNYMCCHKKIMI,Rich Investors’ Pathway to Crypto Just Got a Bit Easier This Week,,,,,,2022-10-07 19:45:24.000000000,,,
d996a9ec6c42faa18ed328661f3e6dcd,http://feeds.feedburner.com/Coindesk,G24TSYDRJ5ERTBRJHJRFKU6DQY,Policía brasileña emite órdenes de arresto contra el presunto líder de un esquema piramidal de US$767 millones,,,,,,2022-10-07 19:39:00.000000000,,,
97d233225d8220068c3edf394dfdea83,http://feeds.feedburner.com/Coindesk,46G26GGG5ZGCVGQFP34O4IZX6Y,Independent Examiner Ordered to Produce Interim Report About Crypto Lender Celsius,,,,,,2022-10-07 19:36:17.000000000,,,
ec7cd2c1965373a8b6dd4e72ea6d753d,https://cointelegraph.com/rss,https://cointelegraph.com/news/crypto-com-downsizes-some-sports-partnership-deals-amid-market-downturn-report,Crypto.com downsizes some sports partnership deals amid market downturn: Report,,,https://cointelegraph.com/news/crypto-com-downsizes-some-sports-partnership-deals-amid-market-downturn-report,,,2022-10-07 19:30:00.000000000,,,
985fa847be64a98685c2b47cd9a0032e,https://blockworks.co/feed/,https://blockworks.co/?p=33934,Latest in Crypto Hiring: Andrew Yang To Advise Web3-Focused Firm,,,https://blockworks.co/latest-in-crypto-hiring-andrew-yang-to-advise-web3-focused-firm/,,,2022-10-07 18:56:06.000000000,,,
949bb7e4120ab450c3ff75f373ee1482,http://feeds.feedburner.com/Coindesk,4JM7PSEGUFC4HLLCWNNGPAE25A,"Valkyrie Funds, Ark Invest Say Crypto Has Hit ‘Bottom’ Amid Recession Woes",,,,,,2022-10-07 18:53:06.000000000,,,
74a178ba77efe99764efcba8e3ee26a8,https://cointelegraph.com/rss,https://cointelegraph.com/news/binance-seeks-to-boost-web3-adoption-in-the-mena-region,Binance seeks to boost Web3 adoption in the MENA region,,,https://cointelegraph.com/news/binance-seeks-to-boost-web3-adoption-in-the-mena-region,,,2022-10-07 18:45:00.000000000,,,
e38f3fcf27a3d2b506318a68cb6da1bb,https://decryptmedia.com/feed/,https://decrypt.co/?p=111483,Zuckerberg’s Metaverse App on 'Quality Lockdown' as Even Employees Won’t Use It: Report,,,https://decrypt.co/111483/zuckerberg-meta-metaverse-quality-lockdown-employees-wont-use-it,,,2022-10-07 18:37:07.000000000,,,
ee3e6ef4bbb158bca995a0ecb1d1764b,https://cointelegraph.com/rss,https://cointelegraph.com/news/price-analysis-10-7-spx-dxy-btc-eth-bnb-xrp-ada-sol-doge-matic,"Price analysis 10/7: SPX, DXY, BTC, ETH, BNB, XRP, ADA, SOL, DOGE, MATIC",,,https://cointelegraph.com/news/price-analysis-10-7-spx-dxy-btc-eth-bnb-xrp-ada-sol-doge-matic,,,2022-10-07 18:01:05.000000000,,,
1f7cb9d87c20d2f4e0b41c174f62650c,http://feeds.feedburner.com/Coindesk,4XNWOVHIIREO7AOJDR6QCFMPLY,"Powell’s Interest-rate Antibiotics Could Succeed, but Not Without Risk",,,,,,2022-10-07 17:43:30.000000000,,,
e1f367e6b358b84761c8a7a05db38817,https://rss.app/feeds/_b730IyHUx5nmOO8w.xml,dccb5d184bc3cbd091a5278813d61c61,隔离见证的好处,,,https://www.btcstudy.org/2022/10/07/segregated-witness-benefits/,,,2022-10-07 17:35:02.000000000,,,
1f96ae6f182d861a118f52bb79021a60,https://www.btcstudy.org/atom.xml,https://www.btcstudy.org/2022/10/07/segregated-witness-benefits/,隔离见证的好处,,https://www.btcstudy.org/2022/10/07/segregated-witness-benefits/,https://www.btcstudy.org/2022/10/07/segregated-witness-benefits/,,,2022-10-07 17:35:02.000000000,,,
189cdddb7f071c87b6b00d63b65988ac,http://feeds.feedburner.com/Coindesk,QJ4RUVDFRZDTHKZM3EGOIDSO34,Brazilian Police Issue Warrants Against Alleged Leader of $767M Crypto Pyramid Scheme,,,,,,2022-10-07 17:35:00.000000000,,,
6490308a84f80ff6c7fe8611816f52c4,http://feeds.feedburner.com/Coindesk,UC7DUONZWVCA3KAHZTBARXIYLM,It's Lonely in the Metaverse: Decentraland’s 38 Daily Active Users in a $1.3B Ecosystem,,,,,,2022-10-07 17:21:32.000000000,,,
93f90b6c4b5c4de54f10f6f7bfb5b936,https://decryptmedia.com/feed/,https://decrypt.co/?p=111287,What Is zkEVM? An Innovation That Could Boost Ethereum Transaction Speeds,,,https://decrypt.co/resources/what-is-zkevm-an-innovation-that-could-boost-ethereum-transaction-speeds,,,2022-10-07 17:11:08.000000000,,,
9b297c6c72f26bbc604ec9461869415d,http://feeds.feedburner.com/Coindesk,BNU6ZKQFXNBLXI2YCKAR2JFQPY,US Officials Charge California Resident With Using Bitcoin to Launder $5.3M in Drug Proceeds,,,,,,2022-10-07 17:03:11.000000000,,,
b9119e251ec702bed27e99fec47ce646,https://blog.chain.link/rss/,https://blog.chain.link/?p=4686,SmartCon 2022 Research and Product Development Highlights,,,https://blog.chain.link/smartcon-research-updates/,,,2022-10-07 16:58:37.000000000,,,
0c91cbefbbf4dd52bd6eea9b1e7dd3ab,https://blockworks.co/feed/,https://blockworks.co/?p=33924,"Stocks, Cryptos Falter on Jobs Data, Binance Hack Fallout",,,https://blockworks.co/stocks-cryptos-falter-on-jobs-data-binance-hack-fallout/,,,2022-10-07 16:55:53.000000000,,,
38e618a6bb7229938f8bb2d74f7de7fc,http://feeds.feedburner.com/Coindesk,EWINWHRN6ZC7DLESWK4PHWGSIY,El crecimiento del empleo en EE. UU. se desacelera menos de lo esperado y bitcoin cae debajo de los US$20K,,,,,,2022-10-07 16:55:22.000000000,,,
8a29cf80cc07d1d9d93a737cffedf2a9,https://a16z.com/category/blockchain-cryptocurrencies/feed/,https://a16z.com/?p=315254,On Paper to On-Chain: How Auction Theory Informs Smart Contract Implementations,,,https://a16zcrypto.com/how-auction-theory-informs-implementations,,,2022-10-07 16:48:51.000000000,,,
0e8a545e3aeaadd721a287d7eca9aa2a,http://feeds.feedburner.com/Coindesk,5LCVKOUDNNCKLNUZFWYGWOVJVI,"LFG Slow-Walks Plan to Repay Small-Time Terra Holders, Citing Legal Threats",,,,,,2022-10-07 16:48:37.000000000,,,
ac5790d2994b35a6eec339f75112d132,http://feeds.feedburner.com/Coindesk,KQU2T4QZLBDS5EOTDTYB6QQJ4I,$4M in Crypto Sent to Pro-Russia Militias in Ukraine: Report,,,,,,2022-10-07 16:48:05.000000000,,,
faedff263b2000f0d8247b1e285e32d8,https://cointelegraph.com/rss,https://cointelegraph.com/news/why-is-the-crypto-market-down-today,Why is the crypto market down today?,,,https://cointelegraph.com/news/why-is-the-crypto-market-down-today,,,2022-10-07 16:44:12.000000000,,,
4af88019d1258d1f72e86a1754680355,http://medium.com/feed/@eigenphi,https://medium.com/p/fb7e3e098f0f,EigenTX Chrome Extension Makes Your DeFi Experience Better,,,https://medium.com/@eigenphi/eigentx-chrome-extension-makes-your-defi-experience-better-fb7e3e098f0f?source=rss-b9b5b3cb1690------2,,,2022-10-07 16:01:54.000000000,,,
f20c06339e5005ce6a92aaee5fe3662e,http://feeds.feedburner.com/Coindesk,26DI7U6M4RAJ3MDAB6MFQQEUCY,Global Crypto Standards Due Next Week Could Test Regulators’ Tech Mantra,,,,,,2022-10-07 15:56:27.000000000,,,
26274f8de8ac37d2aa3b6197e78d8d69,https://ethresear.ch/posts.rss,ethresear.ch-post-35659,A totally innovative idea to solve privacy issue.Let us discuss the feasibility of this plan,,,https://ethresear.ch/t/a-totally-innovative-idea-to-solve-privacy-issue-let-us-discuss-the-feasibility-of-this-plan/13742/21,,,2022-10-07 15:52:44.000000000,,,
ad3e118f5790e223046627a1301314fc,https://ethresear.ch/posts.rss,ethresear.ch-post-35658,A totally innovative idea to solve privacy issue.Let us discuss the feasibility of this plan,,,https://ethresear.ch/t/a-totally-innovative-idea-to-solve-privacy-issue-let-us-discuss-the-feasibility-of-this-plan/13742/20,,,2022-10-07 15:52:27.000000000,,,
76eee27996ee1a397506f2cb818d6a3b,https://feeds.feedblitz.com/marginalrevolution,https://marginalrevolution.com/?p=84435,Friday assorted links,,,https://feeds.feedblitz.com/~/714749620/0/marginalrevolution~Friday-assorted-links.html,,,2022-10-07 15:49:01.000000000,,,
7556b0d8830c0ff34daa3772a6c53cc2,https://cointelegraph.com/rss,https://cointelegraph.com/news/mt-gox-trustee-sets-registration-deadline-of-jan-10-for-repayment-selection,Mt. Gox trustee sets registration deadline of Jan. 10 for repayment selection,,,https://cointelegraph.com/news/mt-gox-trustee-sets-registration-deadline-of-jan-10-for-repayment-selection,,,2022-10-07 15:48:54.000000000,,,
74b32c21a4bfb51b5e63256eaebbc822,https://blog.chainalysis.com/feed/,https://blog.chainalysis.com/?p=5657,"Chainalysis Joins NCFTA, Enabling Advanced Blockchain Analysis to Fight Cyber-Crime",,,https://blog.chainalysis.com/reports/chainalysis-joins-ncfta/,,,2022-10-07 15:39:09.000000000,,,
04a5f1f7108976c4c4e5dad28630d19c,http://feeds.feedburner.com/Coindesk,3KR5USFND5HSJLJZ2TCS3RE4AQ,What the Black Plague Can Teach Us About Today's Jobs Report,,,,,,2022-10-07 15:37:09.000000000,,,
7893ddf0acc9ae438b4a1f1e5ae6c1e1,http://feeds.feedburner.com/Coindesk,FUF3GD2IFFE7JCAEUAA5CSIG7A,Binance CEO Zhao Taking Different Acquisition Tack Than FTX's Bankman-Fried,,,,,,2022-10-07 15:18:08.000000000,,,
7d4496ccf8bc40f925e67d8707127077,https://decryptmedia.com/feed/,https://decrypt.co/?p=111473,Bitcoin Dips as Strong US Jobs Report Signals More Fed Rate Hikes,,,https://decrypt.co/111473/bitcoin-dips-strong-us-jobs-report-signals-more-fed-rate-hikes,,,2022-10-07 15:11:01.000000000,,,
dc17accca0361bfdfb70adf1f9044d54,https://seekingalpha.com/news/crypto/feed,https://seekingalpha.com/news/3889715-bankman-frieds-ftx-partners-with-visa-to-offer-crypto-debit-cards-globally?utm_source=feed_news_crypto&utm_medium=referral,Bankman-Fried's FTX partners with Visa to offer crypto debit cards globally,,https://seekingalpha.com/news/3889715-bankman-frieds-ftx-partners-with-visa-to-offer-crypto-debit-cards-globally?utm_source=feed_news_crypto&utm_medium=referral,https://seekingalpha.com/news/3889715-bankman-frieds-ftx-partners-with-visa-to-offer-crypto-debit-cards-globally?utm_source=feed_news_crypto&utm_medium=referral,,,2022-10-07 15:07:49.000000000,,,
567d22da3e7d483f0b7b7e45cfea3342,https://blog.bitgo.com/feed,https://medium.com/p/dba6a37154a7,BitGo selected as a designated custodian for Mt. Gox creditors,,,https://blog.bitgo.com/bitgo-selected-as-a-designated-custodian-for-mt-gox-creditors-dba6a37154a7?source=rss----9f21e8f3e4cf---4,,,2022-10-07 14:56:44.000000000,,,
a24629d2dc326d8c2ea73f833410eb0e,https://blockworks.co/feed/,https://blockworks.co/?p=33818,"MakerDAO Votes To Allocate 500M DAI Into US Treasuries, Bonds",,,https://blockworks.co/makerdao-votes-to-allocate-500m-dai-into-us-treasuries-bonds/,,,2022-10-07 14:52:04.000000000,,,
ace22322ec386f351b34523d2ba1fb3b,http://feeds.feedburner.com/Coindesk,S3TVJSEGAJEEFE6PE2JRIQKCDA,Morgan Stanley dice que los fondos cotizados cripto continúan creciendo a pesar del mercado bajista,,,,,,2022-10-07 14:44:35.000000000,,,
81942a8c9a4db816f4d2229b1b03b7b7,https://decryptmedia.com/feed/,https://decrypt.co/videos/interviews/MCNS0Ues/gm-all-things-solana-with-anatoly-yakovenko,gm: All Things Solana With Anatoly Yakovenko,,,https://decrypt.co/videos/interviews/MCNS0Ues/gm-all-things-solana-with-anatoly-yakovenko,,,2022-10-07 14:36:09.000000000,,,
f16155b7a0066964e2f2bf8db21c5871,https://withcadence.io/feed/,https://percent.com/?p=3094,Startup Investing with Guard Rails: Gaining Exposure to Growing Businesses with Venture Debt Investments,,,https://percent.com/blog/smarter-exposure-with-venture-debt/,,,2022-10-07 14:31:31.000000000,,,
7cbd2d4aad93dd0b6256dedf644fab02,https://decryptmedia.com/feed/,https://decrypt.co/videos/decryptos/8IaGu45S/decrypt-os-ep-3-where-is-do-kwon,Decrypt-O's Ep. 3: Where Is Do Kwon?,,,https://decrypt.co/videos/decryptos/8IaGu45S/decrypt-os-ep-3-where-is-do-kwon,,,2022-10-07 13:55:51.000000000,,,
31195082426b9f3d065bdcf2b4880896,https://www.trustnodes.com/feed,https://www.trustnodes.com/?p=49422,"MT Gox To Repay 141,000 Bitcoin in January-July",,,https://www.trustnodes.com/2022/10/07/mt-gox-sets-repayment-deadline-in-months,,,2022-10-07 13:54:34.000000000,,,
8c779b8f34c8974a133423f7d2425a55,https://cryptobriefing.com/feed/,https://cryptobriefing.com/?p=121928,BNB Chain’s $566M Hack: Binance Network’s Major Bridge Attack Unpacked,,,https://cryptobriefing.com/bnb-chain-566m-hack-binance-networks-major-bridge-attack-unpacked/?utm_source=feed&utm_medium=rss,,,2022-10-07 13:52:02.000000000,,,
a1ce082bb011411802699143c1d633f3,https://blog.revolut.com/rss,63402baf4d606b003dc3fc75,Plotting the road to 400% growth with a one-person finance department,,,https://blog.revolut.com/wild-spend-management-story/,,,2022-10-07 13:46:53.000000000,,,
67c7d8af9635e0f7b1d8d036bd2fd6ae,https://messari.io/rss,https://messari.io/article/state-of-livepeer-q3-2022,State of Livepeer Q3 2022,,https://messari.io/article/state-of-livepeer-q3-2022,https://messari.io/article/state-of-livepeer-q3-2022,,,2022-10-07 13:45:00.000000000,,,
a3e112a135122a8b502c9ca2820310d8,https://cointelegraph.com/rss,https://cointelegraph.com/magazine/2022/10/07/money-back-crypto-litigation,Get your money back: The weird world of crypto litigation,,,https://cointelegraph.com/magazine/2022/10/07/money-back-crypto-litigation,,,2022-10-07 13:44:00.000000000,,,
5e023268801212957f2ad8f2ec6ff0c6,https://messari.io/rss,https://messari.io/article/state-of-polkadot-q3-2022,State of Polkadot Q3 2022,,https://messari.io/article/state-of-polkadot-q3-2022,https://messari.io/article/state-of-polkadot-q3-2022,,,2022-10-07 13:30:00.000000000,,,
71843684f74b3eec4b70f8acfaaf9fba,https://ethresear.ch/posts.rss,ethresear.ch-post-35657,MEV minimization using randomness,,,https://ethresear.ch/t/mev-minimization-using-randomness/13825/14,,,2022-10-07 13:28:45.000000000,,,
0890b2c2febbddbf06cb4f571094fe4d,https://cointelegraph.com/rss,https://cointelegraph.com/news/india-s-central-bank-outlines-digital-rupee-cbdc-plans,India’s central bank outlines digital rupee CBDC plans,,,https://cointelegraph.com/news/india-s-central-bank-outlines-digital-rupee-cbdc-plans,,,2022-10-07 13:21:54.000000000,,,
759e4b494b7a3951ee9bf2e1dffdbc91,https://seekingalpha.com/news/crypto/feed,https://seekingalpha.com/news/3889675-binances-bnb-token-hit-by-570m-hack?utm_source=feed_news_crypto&utm_medium=referral,Binance's BNB token hit by $570M hack,,https://seekingalpha.com/news/3889675-binances-bnb-token-hit-by-570m-hack?utm_source=feed_news_crypto&utm_medium=referral,https://seekingalpha.com/news/3889675-binances-bnb-token-hit-by-570m-hack?utm_source=feed_news_crypto&utm_medium=referral,,,2022-10-07 13:20:43.000000000,,,
a0fbaff968eff7925ccfa553861db511,https://cointelegraph.com/rss,https://cointelegraph.com/news/the-blue-fox-defi-s-rise-and-the-birth-of-metamask-institutional,The blue fox: DeFi’s rise and the birth of Metamask Institutional,,,https://cointelegraph.com/news/the-blue-fox-defi-s-rise-and-the-birth-of-metamask-institutional,,,2022-10-07 13:15:00.000000000,,,
62cf3771cf85a1698518e38e135ae95e,https://ethresear.ch/posts.rss,ethresear.ch-post-35656,Arithmetic hash based alternatives to KZG for proto-danksharding (EIP-4844),,,https://ethresear.ch/t/arithmetic-hash-based-alternatives-to-kzg-for-proto-danksharding-eip-4844/13863/3,,,2022-10-07 13:12:35.000000000,,,
b1930a7cc33a3b4ce6fe603ecc1478e8,https://medium.com/feed/celoorg,https://medium.com/p/e3c52087021b,Celo Camp Batch 6 Teams Announced with New Founders Support from Coinbase Cloud,,,https://blog.celo.org/celo-camp-batch-6-teams-announced-with-new-founders-support-from-coinbase-cloud-e3c52087021b?source=rss----291cc98479ad---4,,,2022-10-07 13:01:57.000000000,,,
c99f3a7933a9ef1f5e513b80ea9158bb,https://messari.io/rss,https://messari.io/article/analyzing-leading-protocol-fundamentals,Analyzing Leading Protocol Fundamentals,,https://messari.io/article/analyzing-leading-protocol-fundamentals,https://messari.io/article/analyzing-leading-protocol-fundamentals,,,2022-10-07 13:00:00.000000000,,,
bb8aa7e39e08e9f30839b84d3fbdb44e,https://www.chainfeeds.xyz/rss,urn:uuid:051312f8-349d-97a5-9a13-9a298be2b9a1,以太坊第三季度报告：一览以太坊上协议、DeFi、NFT 和 L2 生态的重要指标,,https://www.defidaonews.com/article/6780842,https://www.defidaonews.com/article/6780842,,,2022-10-07 12:52:22.000000000,,,
f09aacdd424ada08fc6c63229e0318a6,https://cointelegraph.com/rss,https://cointelegraph.com/news/bitcoin-and-gold-face-headwinds-amid-strengthening-dollar,Bitcoin and gold face headwinds amid strengthening dollar,,,https://cointelegraph.com/news/bitcoin-and-gold-face-headwinds-amid-strengthening-dollar,,,2022-10-07 12:47:32.000000000,,,
eac24db97b68b2ae6a1c355e3e0a270c,http://feeds.feedburner.com/Coindesk,GY77DCOLWZBWXCYN3HKOJ3GF6I,US Jobs Growth Slows Less Than Expected; Bitcoin Slips From $20K,,,,,,2022-10-07 12:42:14.000000000,,,
30ea92ed36476e15f167000b95fdda12,https://thedefiant.substack.com/feed,https://newsletter.thedefiant.io/p/binance-smart-chain-paused-after,🦹🏻‍♂️ Binance Smart Chain Back Online After $560M Bridge Hack,,https://newsletter.thedefiant.io/p/binance-smart-chain-paused-after,https://newsletter.thedefiant.io/p/binance-smart-chain-paused-after,,,2022-10-07 12:30:36.000000000,,,
3b64d43d2a9c4932b43a7995a7bc855e,https://seekingalpha.com/news/crypto/feed,https://seekingalpha.com/news/3889614-iris-energy-mines-8-more-bitcoins-in-september-while-hashrate-climbs-24?utm_source=feed_news_crypto&utm_medium=referral,"Iris Energy mines 8% more bitcoins in September, while hashrate climbs 24%",,https://seekingalpha.com/news/3889614-iris-energy-mines-8-more-bitcoins-in-september-while-hashrate-climbs-24?utm_source=feed_news_crypto&utm_medium=referral,https://seekingalpha.com/news/3889614-iris-energy-mines-8-more-bitcoins-in-september-while-hashrate-climbs-24?utm_source=feed_news_crypto&utm_medium=referral,,,2022-10-07 12:28:11.000000000,,,
0611f3642c45e1b0207168e6f28a0ae9,http://feeds.feedburner.com/Coindesk,N6RG7VTJIVC3DB56KP2NBVUQBI,"First Mover Americas: It’s Payrolls Day Again, and Bitcoin Holds Tight Near $20K",,,,,,2022-10-07 12:25:18.000000000,,,
c2bdfb617979c989a3f0d4333482503f,https://cointelegraph.com/rss,https://cointelegraph.com/news/ftx-and-visa-partner-to-permit-crypto-payments-in-40-countries,FTX and Visa partner to permit crypto payments in 40 countries,,,https://cointelegraph.com/news/ftx-and-visa-partner-to-permit-crypto-payments-in-40-countries,,,2022-10-07 12:12:44.000000000,,,
c10e8c72ee59f204b4eddb35e43937dc,https://cointelegraph.com/rss,https://cointelegraph.com/news/crypto-cards-to-connect-digital-assets-to-the-real-world-says-exec,"Crypto cards to connect digital assets to the real world, says exec",,,https://cointelegraph.com/news/crypto-cards-to-connect-digital-assets-to-the-real-world-says-exec,,,2022-10-07 12:01:52.000000000,,,
24d3511cdcda98e9a353d75caba72b71,https://www.blocktempo.com/feed/,https://www.blocktempo.com/?p=186068,FTX金融卡將來襲！FTX擴大VISA合作，明年有望擴及亞洲各國,,,https://www.blocktempo.com/ftx-and-visa-expand-global-partnership/,,,2022-10-07 11:51:29.000000000,,,
628e4a96ecc886c9887f01ca9dc552c0,https://www.blocktempo.com/feed/,https://www.blocktempo.com/?p=186175,ETC推特60萬追蹤「全數歸零」，Cardano創辦人挪用推廣ERGO惹議,,,https://www.blocktempo.com/etc-twitter-6milion-follower-disappeared/,,,2022-10-07 11:34:54.000000000,,,
43388b452dc0845a75ed911c243eeea8,https://decryptmedia.com/feed/,https://decrypt.co/?p=111421,FTX Targets Latin America With Visa Debit Card—With Europe and Asia Next,,,https://decrypt.co/111421/ftx-targets-latin-america-with-visa-debit-card-with-europe-and-asia-next,,,2022-10-07 11:31:22.000000000,,,
058bf2600da231b84083af97fd4d9c95,http://feeds.feedburner.com/Coindesk,U7Q7MZDGH5GGZECD4ZJIQ2V654,India's Central Bank Crystalizes CBDC Vision in Concept Note,,,,,,2022-10-07 11:22:24.000000000,,,
a9ac38a1822e1cc03f883b75c4c96112,https://www.chainfeeds.xyz/rss,urn:uuid:f7abc0e5-c8f2-f285-74c8-cb5de068ed7e,Celsius 最新法庭文件公开平台用户资料和交易历史,,https://ia601401.us.archive.org/28/items/celsius/celsius.pdf,https://ia601401.us.archive.org/28/items/celsius/celsius.pdf,,,2022-10-07 11:21:05.000000000,,,
1488a24d7c8acc0dc41c92166d45c57f,https://blockworks.co/feed/,https://blockworks.co/?p=33895,FTX Seeks to Roll Out Crypto-Linked Visa Cards Globally,,,https://blockworks.co/ftx-seeks-to-roll-out-crypto-linked-visa-cards-globally/,,,2022-10-07 11:18:54.000000000,,,
e24f940612b825729af080f6d3771112,https://www.blocktempo.com/feed/,https://www.blocktempo.com/?p=186238,"Celsius法庭文件披露用戶交易紀錄，14,500頁個資遭轟：鏈上肉搜傷及隱私！",,,https://www.blocktempo.com/celsius-released-users-trading-record-makes-the-community-worry/,,,2022-10-07 11:15:03.000000000,,,
707fc14f0a12cfdac639ce0fc3be4526,http://feeds.feedburner.com/Coindesk,WVH6RUX6FBCQLPRFRKSRAPHIQ4,Crypto Exchange FTX's Token Surges 7% After Visa Partnership Report,,,,,,2022-10-07 11:13:15.000000000,,,
1af907f6e0988d30e6e6f843b27f9d22,https://medium.com/feed/mercuryo,https://medium.com/p/d7efda128e1b,Using Crypto as a Payment Solution,,,https://medium.com/mercuryo/using-crypto-as-a-payment-solution-d7efda128e1b?source=rss----274d18e0c699---4,,,2022-10-07 11:11:57.000000000,,,
d19573be4364bb159ac025f9437800ca,https://decryptmedia.com/feed/,https://decrypt.co/?p=111454,Brazillian Police Raid ‘Bitcoin Sheikh’ for Defrauding Victims of $766M: Report,,,https://decrypt.co/111454/brazillian-police-raid-bitcoin-sheikh-defrauding-victims-766m,,,2022-10-07 11:03:31.000000000,,,
c2c9eb84ac871c68af05242676111499,https://cointelegraph.com/rss,https://cointelegraph.com/news/what-is-lens-protocol-and-how-does-it-work,"What is Lens Protocol, and how does it work?",,,https://cointelegraph.com/news/what-is-lens-protocol-and-how-does-it-work,,,2022-10-07 10:50:00.000000000,,,
ea17b4050f2a304f6bb88cd3c061e467,https://blockworks.co/feed/,https://blockworks.co/?p=33885,Celsius Exposes User Information in Public Court Docs,,,https://blockworks.co/celsius-exposes-user-information-in-public-court-docs/,,,2022-10-07 10:48:44.000000000,,,
b27114fb33b26e22e38a2444659fb335,https://medium.com/feed/ethereum-swarm,https://medium.com/p/db713242ff75,"Monthly Ecosystem Call, 29 September 2022 — Recap",,,https://medium.com/ethereum-swarm/monthly-ecosystem-call-29-september-2022-recap-db713242ff75?source=rss----6491b1f2d8f9---4,,,2022-10-07 10:42:21.000000000,,,
cd97d464a3cceb33547154f98b75e78e,https://decryptmedia.com/feed/,https://decrypt.co/?p=111451,Bankrupt Crypto Lender Celsius Reveals Thousands of Users' Transaction Histories in Court Filing,,,https://decrypt.co/111451/bankrupt-crypto-lender-celsius-reveals-thousands-of-users-transaction-histories-in-court-filing,,,2022-10-07 10:37:16.000000000,,,
7a2f64ee1821cf9d82fcdff70a55d3a5,https://www.chainfeeds.xyz/rss,urn:uuid:07fbca6a-ea93-b543-7e30-94ad2c9f7ce9,观点：Web3 游戏的本质仍是经济模型的设计,,https://mp.weixin.qq.com/s/JwG9uxaAgDfMfmKSavt5xw,https://mp.weixin.qq.com/s/JwG9uxaAgDfMfmKSavt5xw,,,2022-10-07 10:35:24.000000000,,,
4584445cbc8f2d89051bd51f7b800d5f,https://decryptmedia.com/feed/,https://decrypt.co/?p=111448,BNB Chain Resumes Activity After 2 Million Token Exploit,,,https://decrypt.co/111448/bnb-chain-resumes-activity-2-million-token-exploit,,,2022-10-07 10:24:45.000000000,,,
e40d60f0bfdf7b9215a295c63f81ee55,http://feeds.feedburner.com/Coindesk,COEJ66W7MNG2LHXURIBZH2GAUQ,Morgan Stanley Says Crypto ETPs Continue to Grow Despite Bear Market,,,,,,2022-10-07 10:06:36.000000000,,,
57e15b3dc01a346c6345af3c61db1bdc,https://castleisland.libsyn.com/rss,2ed799e9-8f7e-49b4-99bc-33fcc358c123,"Weekly Roundup 10/07/22 (Gensler’s theatrics, tokenization picks up, MKR buys Treasuries) (EP.358)",,,https://onthebrink-podcast.com/roundup-10-07-22,,,2022-10-07 10:00:00.000000000,,,
bbc5ab8b0d4c1b4ea88cb6841219b85e,https://rss.app/feeds/_b730IyHUx5nmOO8w.xml,413e614274fe6c139f2a6e2f3215ae99,"Weekly Roundup 10/07/22 (Gensler’s theatrics, tokenization picks up, MKR buys Treasuries) (EP.358)",,,https://onthebrink-podcast.com/roundup-10-07-22,,,2022-10-07 10:00:00.000000000,,,
7526532af05a9ae5a652e9c3c9a33069,https://decryptmedia.com/feed/,https://decrypt.co/?p=111444,Bitcoin Miner Marathon Digital Unfazed by $81.3M Exposure to Bankrupt Data Center,,,https://decrypt.co/111444/bitcoin-miner-marathon-digital-unfazed-81-3m-exposure-bankrupt-data-center,,,2022-10-07 09:58:25.000000000,,,
23d1f8c57e400312177df9ec25bc6775,https://seekingalpha.com/news/crypto/feed,https://seekingalpha.com/news/3889561-argo-blockchain-stock-dips-on-strategic-actions-to-raise-additional-capital?utm_source=feed_news_crypto&utm_medium=referral,Argo Blockchain stock dips on strategic actions to raise additional capital,,https://seekingalpha.com/news/3889561-argo-blockchain-stock-dips-on-strategic-actions-to-raise-additional-capital?utm_source=feed_news_crypto&utm_medium=referral,https://seekingalpha.com/news/3889561-argo-blockchain-stock-dips-on-strategic-actions-to-raise-additional-capital?utm_source=feed_news_crypto&utm_medium=referral,,,2022-10-07 09:56:24.000000000,,,
fe47db84476d0dd404d171299ae0fb2c,https://www.chainfeeds.xyz/rss,urn:uuid:5649a563-1a93-8d4d-2f11-2a644b1f2af1,灰度成立比特币挖矿子公司 GDIO，计划以低价购入矿机,,https://www.coindesk.com/business/2022/10/06/grayscales-new-venture-aims-to-capture-bear-market-opportunities-in-bitcoin-mining/,https://www.coindesk.com/business/2022/10/06/grayscales-new-venture-aims-to-capture-bear-market-opportunities-in-bitcoin-mining/,,,2022-10-07 09:29:09.000000000,,,
141bd8948cf4b982a7ca3342f8a12d17,https://www.blocktempo.com/feed/,https://www.blocktempo.com/?p=186128,Solana 共同創辦人：加密貨幣熊市恐持續 12-18 個月以上,,,https://www.blocktempo.com/crypto-bear-market-could-last-12-18-months-solana-co-founder-said/,,,2022-10-07 09:27:22.000000000,,,
a8f6270477962bd2de08b9045ea04895,https://www.blocktempo.com/feed/,https://www.blocktempo.com/?p=186257,AAX 舉辦數位資產影響之旅，為新加坡 Token2049 拉開序幕,,,https://www.blocktempo.com/aax-hosts-impact-tour-focus-on-digital-assets-to-kick-off-token2049/,,,2022-10-07 09:15:05.000000000,,,
100759be4ed92c1215546cd3d8643e1f,https://www.blocktempo.com/feed/,https://www.blocktempo.com/?p=186221,10大跨鏈橋被駭紀錄！遭竊總額逾19億美元，15.5億賠付或追回,,,https://www.blocktempo.com/top-10-cross-chain-hacking-history/,,,2022-10-07 09:13:54.000000000,,,
2a8dd72c6ddf9bc272eb2000b5291170,https://cointelegraph.com/rss,https://cointelegraph.com/news/bnb-chain-back-online-after-suspension-due-to-a-cross-chain-exploit,BNB Chain back online after suspension due to a cross-chain exploit,,,https://cointelegraph.com/news/bnb-chain-back-online-after-suspension-due-to-a-cross-chain-exploit,,,2022-10-07 09:04:50.000000000,,,
b52a390292b704c02583a95eb6d4a030,https://www.blocktempo.com/feed/,https://www.blocktempo.com/?p=186173,盲盒預售1分鐘內售罄，一文解讀黃宇興的當代藝術NFT系列「Meta-morphic曜變之石」,,,https://www.blocktempo.com/huang-yuxing-nft-collection-meta-morphic-seven-treasures/,,,2022-10-07 09:04:42.000000000,,,
d2fb4446ae94c8cb45aa38ba72231a4a,http://feeds.feedburner.com/Coindesk,U2MVYZ4CGVGVPGMI57L3YJIZ3Y,Partnership to Operate Malaysia's National Blockchain Infrastructure Sealed,,,,,,2022-10-07 09:01:25.000000000,,,
485fc3aa5e8e1fc01fcaac5cb453c2db,https://cointelegraph.com/rss,https://cointelegraph.com/news/bitcoin-clings-to-20k-as-whale-pressure-keeps-resistance-in-control,Bitcoin clings to $20K as whale pressure keeps resistance in control,,,https://cointelegraph.com/news/bitcoin-clings-to-20k-as-whale-pressure-keeps-resistance-in-control,,,2022-10-07 09:00:49.000000000,,,
b56ee959ae47c0dd411b3ea18c3df9f7,https://cointelegraph.com/rss,https://cointelegraph.com/news/bear-market-didn-t-stop-crypto-firms-from-hiring-says-recruitment-exec,Bear market didn’t stop crypto firms from hiring—  Recruitment exec,,,https://cointelegraph.com/news/bear-market-didn-t-stop-crypto-firms-from-hiring-says-recruitment-exec,,,2022-10-07 08:50:18.000000000,,,
614e1dad4fa14b912c3dd702141b538b,http://feeds.feedburner.com/Coindesk,OHNT3LSJARDFVPU2P6X2AFBRLU,"Bitcoin Miner Argo Blockchain Raises $27M to Ease Liquidity Pressures, Shares Plunge 15%",,,,,,2022-10-07 08:48:31.000000000,,,
13d0ebf5e6f3747a40c133697ef0048b,https://www.blocktempo.com/feed/,https://www.blocktempo.com/?p=186180,跨鏈漏洞》Paradigm研究員：3分鐘了解5億美元BNB失竊全過程,,,https://www.blocktempo.com/3-min-to-know-how-bnb-chain-get-hacked-by-paradigm-researcher-samczsun/,,,2022-10-07 08:45:45.000000000,,,
ed13b2af30f63f2213061004f516f188,http://feeds.feedburner.com/Coindesk,KDUQTEPBVNAZXHFQ75JEZVKWSA,Will Comatose Bitcoin Market Come Alive After NFP Data?,,,,,,2022-10-07 08:41:03.000000000,,,
0c814a14fb50950f48455cae028f8cf0,https://blog.alphafinance.io/rss/,632d5e39787a3e003d777697,Evolution of Ethereum Scaling Solutions,,,https://blog.alphaventuredao.io/evolution-of-ethereum-scaling-solutions/,,,2022-10-07 08:40:36.000000000,,,
ab0fe1bc09b2933860de26c1cbf5b7ed,https://www.chainfeeds.xyz/rss,urn:uuid:eddd8997-1331-24db-6537-442575fc496e,【英文长推】速览 ERC-4626 协议和相关生态项目,,https://twitter.com/mstable_/status/1578061126666813448,https://twitter.com/mstable_/status/1578061126666813448,,,2022-10-07 08:19:21.000000000,,,
c6945263afde7685510c197c9399892f,https://blockworks.co/feed/,https://blockworks.co/?p=33864,"Terraform Employee’s Arrest is Unwarranted, Judge Says",,,https://blockworks.co/terraform-employees-arrest-is-unwarranted-judge-says/,,,2022-10-07 08:13:28.000000000,,,
c0232fe7f4bf1087cdd7519faa01ebae,http://feeds.libsyn.com/247424/rss,68685a17-19ad-4412-8da2-7d25c9b16c99,ROLLUP: Kim Kardashian vs Gary Gensler | Credit Suisse Crisis | Celsius Foul Play | ENS NFTs,,,http://sites.libsyn.com/247424/rollup-kim-kardashian-vs-gary-gensler-credit-suisse-crisis-celsius-foul-play-ens-nfts,,,2022-10-07 08:07:00.000000000,,,
47ee6a434da76e80956d0fa8ab0a5187,https://medium.com/feed/@subquery,https://medium.com/p/22a2cd434e30,Fetch-ai Releases New SubQuery Indexer Documentation,,,https://subquery.medium.com/fetch-ai-releases-new-subquery-indexer-documentation-22a2cd434e30?source=rss-363112002081------2,,,2022-10-07 07:56:37.000000000,,,
1a1302b4edead1d73946910afe8aab2d,https://www.propine.com/feed/,https://propine.com/?p=28677,MetaMask Institutional Onboarded Propine as Top-Tier Digital Asset Custodian,,,https://propine.com/metamask-institutional-onboarded-propine-as-top-tier-digital-asset-custodian/,,,2022-10-07 07:44:13.000000000,,,
8dc85df63464918d8fd8c7c204b05af8,https://www.chainfeeds.xyz/rss,urn:uuid:21fa95f2-bd90-6f22-c273-cdefa7e1dd09,【英文】加密安全启示录：从 100 个攻击事件分析加密攻击类型、特点和防范方法,,https://thecontrol.co/the-state-of-crypto-security-d628ac5b609d,https://thecontrol.co/the-state-of-crypto-security-d628ac5b609d,,,2022-10-07 07:43:52.000000000,,,
aa67b47d494b995af730f0ef15928921,https://unchainedpodcast.com/feed/,https://unchainedpodcast.com/?p=6794,Kristin Smith on Why Crypto Legislation Could Be Passed by Year’s End – Ep. 404,,,https://unchainedpodcast.com/kristin-smith-on-why-crypto-legislation-could-be-passed-by-years-end-ep-404/,,,2022-10-07 07:30:00.000000000,,,
8835b7dc287dda2895b564a8e9b6944d,https://www.blocktempo.com/feed/,https://www.blocktempo.com/?p=186103,Crypto.com傳裁員超30%！2000多名員工遭解僱、撤回多個贊助協議,,,https://www.blocktempo.com/crypto-com-cut-headcount-by-more-than-2000-staff/,,,2022-10-07 06:41:29.000000000,0.0,0.0,2022-10-07 06:53:53.668259144
3ce632cc708cf2f1caf73c30ca4a5172,https://www.chainfeeds.xyz/rss,urn:uuid:9f178231-1240-e7d4-76d4-eb2e98a5ff18,【长推】回归 DEX 本质，为什么我不看好 Unichain？,,https://twitter.com/bitcoinzhang1/status/1578036733710827521,https://twitter.com/bitcoinzhang1/status/1578036733710827521,,,2022-10-07 06:30:39.000000000,,,
14a872a8767084486e464dfd10923993,https://cointelegraph.com/rss,https://cointelegraph.com/news/court-docs-reveal-details-about-thousands-of-celsius-customers,Court docs reveal details about thousands of Celsius customers,,,https://cointelegraph.com/news/court-docs-reveal-details-about-thousands-of-celsius-customers,,,2022-10-07 06:16:56.000000000,0.0,0.0,2022-10-07 06:53:55.112010956
eb02cb3b9d79d2fd83749786f368e554,https://cointelegraph.com/rss,https://cointelegraph.com/news/670k-follower-eth-classic-account-turns-into-ergo-what-happened,670K follower ETH Classic account turns into Ergo: What happened?,,,https://cointelegraph.com/news/670k-follower-eth-classic-account-turns-into-ergo-what-happened,,,2022-10-07 05:55:24.000000000,0.0,0.0,2022-10-07 06:53:55.112010956
2faef311402f30ab7dec68f9cc560de5,http://feeds.feedburner.com/Coindesk,X6RQA3EHCZHL7B45TWE55GDSIQ,BNB Smart Chain Resumes Operations After $100M Exploit,,,,,,2022-10-07 05:44:42.000000000,0.0,0.0,2022-10-07 06:53:54.117172956
5c3e5e1389e394845ebe33842f6ffec3,https://cointelegraph.com/rss,https://cointelegraph.com/news/decentraland-s-mana-and-shiba-uptake-surges-year-on-year-etoro,Decentraland’s MANA and Shiba uptake surges year-on-year: eToro,,,https://cointelegraph.com/news/decentraland-s-mana-and-shiba-uptake-surges-year-on-year-etoro,,,2022-10-07 05:43:59.000000000,0.0,0.0,2022-10-07 06:53:55.112010956
55cb9a4df65baf97f874286e6edf4bbb,https://www.blocktempo.com/feed/,https://www.blocktempo.com/?p=186002,反制入俄「假公投」，歐盟新制裁：全面禁止提供俄公民加密貨幣服務,,,https://www.blocktempo.com/european-union-bans-all-cryptocurrency-services-for-russia/,,,2022-10-07 05:35:39.000000000,0.0,0.0,2022-10-07 06:53:53.668259144
43b33b05677f977e6dc19d485719f0bf,https://www.blocktempo.com/feed/,https://www.blocktempo.com/?p=186111,更新》BNB Chain 發布節點更新版本，預計1小時內重啟；封鎖駭客地址、暫停原生跨鏈,,,https://www.blocktempo.com/bnb-chain-will-upgrade-nodes-soon-and-cz-mentioned-not-to-rush-it/,,,2022-10-07 05:30:21.000000000,0.0,0.0,2022-10-07 06:53:53.668259144
b11f81c26ff6647155f395e273cbc14a,https://feeds.feedblitz.com/marginalrevolution,https://marginalrevolution.com/?p=84455,Will Europe choose an energy crisis or a fiscal crisis?,,,https://feeds.feedblitz.com/~/714681818/0/marginalrevolution~Will-Europe-choose-an-energy-crisis-or-a-fiscal-crisis.html,,,2022-10-07 04:38:17.000000000,0.0,0.0,2022-10-07 05:13:19.149234056
fa2e9dbf5aa4bb7760619c858ddb93fa,https://feeds.feedblitz.com/marginalrevolution,https://marginalrevolution.com/?p=84454,Markets in everything — sleep tourism,,,https://feeds.feedblitz.com/~/714678244/0/marginalrevolution~Markets-in-everything-sleep-tourism.html,,,2022-10-07 04:11:31.000000000,0.0,0.0,2022-10-07 05:13:19.149234056
0cda3a03008b4695e18e6ce0d5aecde0,https://www.blocktempo.com/feed/,https://www.blocktempo.com/?p=186067,馬斯克已喊停訴訟「必在10/28前買下Twitter」，推特酸：做得到應該在下週完成,,,https://www.blocktempo.com/elon-musk-buying-twitter-befre-oct-28th-and-can-and-should-done-next-week/,,,2022-10-07 04:05:50.000000000,0.0,0.0,2022-10-07 05:24:17.588340044
61f99b908d382d28b8e3fdd2a92207d7,https://cointelegraph.com/rss,https://cointelegraph.com/news/lido-launches-layer-2-ethereum-staking-and-ldo-rewards,Lido launches layer-2 Ethereum staking and LDO rewards,,,https://cointelegraph.com/news/lido-launches-layer-2-ethereum-staking-and-ldo-rewards,,,2022-10-07 04:03:10.000000000,0.0,0.0,2022-10-07 04:10:04.957169056
d7931587deeb0d8ba82304b9e7ec1c85,https://www.blocktempo.com/feed/,https://www.blocktempo.com/?p=186065,BNB Chain駭客已轉移近1億鎂至Fantom、以太坊！CZ：用戶資產是安全的,,,https://www.blocktempo.com/bnb-chain-cross-chain-bridge-exploit/,,,2022-10-07 03:43:06.000000000,0.0,0.0,2022-10-07 05:24:17.588340044
d722e39b2dbf874b4b9ff2e7b5c1a142,https://cointelegraph.com/rss,https://cointelegraph.com/news/anchorage-co-founder-to-us-regulators-what-we-want-is-clarity,Anchorage co-founder to US regulators: ‘What we want is clarity’,,,https://cointelegraph.com/news/anchorage-co-founder-to-us-regulators-what-we-want-is-clarity,,,2022-10-07 03:43:02.000000000,0.0,0.0,2022-10-07 04:10:04.957169056
b1080a1f559c9c31849fbc51e61f39ac,https://www.chainfeeds.xyz/rss,urn:uuid:787ff438-e4c1-a3c5-6c0f-931bdd0188b2,【英文长推】一文了解零知识通用语言 Noir,,https://twitter.com/aztecnetwork/status/1578082456212643840,https://twitter.com/aztecnetwork/status/1578082456212643840,,,2022-10-07 03:39:50.000000000,0.0,0.0,2022-10-07 06:53:54.547914028
fc5ed940abf5c2b7be40f0ca3aa143dc,http://feeds.feedburner.com/Coindesk,O7AEANSXPFBQ3ALQTARRA3HDHQ,"Zcash May Be Getting Spammed but the Blockchain Is Doing Just Fine, the Company Behind It Says",,,,,,2022-10-07 03:38:15.000000000,0.0,0.0,2022-10-07 05:24:17.171133041
1cf911e9cba7e967cc8bae52be29cd2b,https://blog.bitmex.com/feed/,https://blog.bitmex.com/?p=44038,Contagion,,,https://blog.bitmex.com/contagion/,,,2022-10-07 03:28:55.000000000,0.0,0.0,2022-10-07 06:53:57.635720015
7a91c8a7ba9a1bd34a47efacf7566103,https://www.blocktempo.com/feed/,https://www.blocktempo.com/?p=186039,觸及傳統資產！MakerDAO投入5億美元於美國國債和公司債，多元化資金儲備,,,https://www.blocktempo.com/makerdao-community-grants-500-million-to-invest-in-us-treasuries/,,,2022-10-07 03:16:44.000000000,0.0,0.0,2022-10-07 05:24:17.588340044
220b829272d05c4a1e01737b34341376,https://www.chainfeeds.xyz/rss,urn:uuid:8dfa525c-b95b-c286-1d11-ac2f61ed47b0,Lido 已支持 Optimism 和 Arbitrum，将通过 wstETH 桥接,,https://twitter.com/LidoFinance/status/1578085216752640003,https://twitter.com/LidoFinance/status/1578085216752640003,,,2022-10-07 03:14:45.000000000,0.0,0.0,2022-10-07 04:10:04.957169056
265b791819c2fad76024e9b802574986,https://bitcoinmagazine.com/.rss/full/tags/bitcoin-magazine-podcast,https://bitcoinmagazine.com/technical/nothings-cheaper-than-proof-of-work-consensus,Nothing's Cheaper Than Proof-Of-Work Consensus,,https://bitcoinmagazine.com/technical/nothings-cheaper-than-proof-of-work-consensus,https://bitcoinmagazine.com/technical/nothings-cheaper-than-proof-of-work-consensus,,,2022-10-07 03:00:00.000000000,0.0,0.0,2022-10-07 03:24:32.914757013
eb1d10a2750e0ed7a627fd7ac8f0687f,https://www.blocktempo.com/feed/,https://www.blocktempo.com/?p=186060,劇情反轉！韓國法院駁回 Terra 總務負責人 Yoo 的逮捕令,,,https://www.blocktempo.com/south-korea-court-rejects-arrest-warrant-for-terra-investigation/,,,2022-10-07 02:55:49.000000000,0.0,0.0,2022-10-07 05:24:17.588340044
e7c2ba4f939676658fe719f2522e5c46,https://www.chainfeeds.xyz/rss,urn:uuid:541b3322-3592-52bb-2957-99eb8136d86c,MakerDAO 已拨款 5 亿美元用于投资美国国债和公司债券,,https://www.theblock.co/post/175311/makerdao-initiates-500-million-investment-in-us-treasuries-corporate-bonds,https://www.theblock.co/post/175311/makerdao-initiates-500-million-investment-in-us-treasuries-corporate-bonds,,,2022-10-07 02:55:46.000000000,0.0,0.0,2022-10-07 04:10:04.957169056
77818ce9fa1dd2103757a8b16bb74dfb,https://cointelegraph.com/rss,https://cointelegraph.com/news/marathon-reports-80m-exposure-to-bankrupt-mining-firm,Marathon reports $80M exposure to bankrupt mining firm,,,https://cointelegraph.com/news/marathon-reports-80m-exposure-to-bankrupt-mining-firm,,,2022-10-07 02:51:32.000000000,0.0,0.0,2022-10-07 04:10:04.957169056
d4d785402b7649aa8e2fa3396fb57983,https://feeds.feedblitz.com/marginalrevolution,https://marginalrevolution.com/?p=84459,Redux of my Bloomberg April nuclear weapons column,,,https://feeds.feedblitz.com/~/714669370/0/marginalrevolution~Redux-of-my-Bloomberg-April-nuclear-weapons-column.html,,,2022-10-07 02:36:24.000000000,0.0,0.0,2022-10-07 03:24:40.282109976
f2c3e1bbb0a817f5a38b97843508faf0,https://www.chainfeeds.xyz/rss,urn:uuid:5cf544c7-59ef-eed3-9e1f-a00319c456ad,Web3 酒店平台 Blackbird 完成 1100 万美元种子轮融资，Multicoin Capital 等领投,,https://www.theblock.co/post/175214/resy-co-founder-ben-leventhal-raises-11-million-for-new-web3-hospitality-platform,https://www.theblock.co/post/175214/resy-co-founder-ben-leventhal-raises-11-million-for-new-web3-hospitality-platform,,,2022-10-07 02:11:28.000000000,0.0,0.0,2022-10-07 03:24:40.458873987
251efdaf466f2f5a49b48388a74308d1,https://cointelegraph.com/rss,https://cointelegraph.com/news/makerdao-goes-ahead-with-500m-investment-in-treasuries-and-bonds,MakerDAO goes ahead with $500M investment in treasuries and bonds,,,https://cointelegraph.com/news/makerdao-goes-ahead-with-500m-investment-in-treasuries-and-bonds,,,2022-10-07 01:56:03.000000000,0.0,0.0,2022-10-07 04:10:04.957169056
e4098721591dd7caa788e7a02947f417,https://www.chainfeeds.xyz/rss,urn:uuid:4c08a1d4-4c70-892c-5b40-483dd1a3bd1a,BNB Chain 遭黑客攻击，官方预计受损资金超 7000 万美元,,https://twitter.com/BNBCHAIN/status/1578163230790520832,https://twitter.com/BNBCHAIN/status/1578163230790520832,,,2022-10-07 01:42:26.000000000,0.0,0.0,2022-10-07 03:24:40.458873987
e84f71ebd9ca00fab50255de49bded17,https://www.blocktempo.com/feed/,https://www.blocktempo.com/?p=186052,重磅！BNB Chain 跨鏈橋遭駭或損7.18億美元，幣安BSC全鏈已暫停,,,https://www.blocktempo.com/bnb-chain-cross-chain-bridge-hack-the-loss-is-suspected-to-exceed-600-million/,,,2022-10-07 01:13:32.000000000,0.0,0.0,2022-10-07 05:24:17.588340044
f9359f2b8dbabd483a39a7345467a40c,http://feeds.feedburner.com/Coindesk,466H3YOFSJDKVEPQZE6ZPK752E,First Mover Asia: The Crash of Three Arrows Capital’s Starry Night Portfolio Shows NFTs' Lack of Staying Power; Bitcoin Regains $20K After Earlier Drop,,,,,,2022-10-07 01:08:21.000000000,0.0,0.0,2022-10-07 04:24:17.282333851
8f87924fbe90d00f68ea2c55b5e24503,https://decryptmedia.com/feed/,https://decrypt.co/?p=111433,"Binance Smart Chain Halted Over 'Potential Exploit,' $100 Million Taken Off Chain",,,https://decrypt.co/111433/binance-smart-chain-hack,,,2022-10-07 01:01:32.000000000,0.0,0.0,2022-10-07 03:24:32.426732063
09af78510addaea9a3cf2503814f1db0,https://rekt.news/rss/feed.xml,https://www.rekt.news/bnb-bridge-rekt,BNB Bridge - REKT,,https://www.rekt.news/bnb-bridge-rekt,https://www.rekt.news/bnb-bridge-rekt,,,2022-10-07 00:00:00.000000000,,,
